maersk_shipping_zone,shipment_count,current_total,maersk_total,current_avg,maersk_avg,maersk_base_avg,maersk_pickup_avg,diff,diff_pct
1,4324,41593.94963780353,36808.12000000008,9.619322302914785,8.512516188714173,4.831091581868645,0.2415541165587417,-4785.82963780345,-11.506071626950638
2,21008,198053.20054662577,170792.630000001,9.427513354275789,8.129885281797458,4.837539508758615,0.22599009900990275,-27260.570546624775,-13.764266606843892
3,57922,578134.1843047846,510358.88999999425,9.981253829370267,8.811140671938025,5.350776043644928,0.23747867822243662,-67775.29430479038,-11.72310791244618
4,194107,2044038.4186433977,1866067.5500001423,10.530472464379944,9.613602549110245,5.904663870957937,0.2476312549263676,-177970.86864325544,-8.706826007770072
5,132065,1519476.4332948555,1430646.420000075,11.50551950399315,10.83289607390357,6.839919282172158,0.2663573240449497,-88830.01329478063,-5.846093519342073
6,38038,480261.75821787445,468807.32000000187,12.625841480042968,12.324710026815339,7.964412429675629,0.28894789421105266,-11454.43821787258,-2.3850406620708253
7,35763,495430.7007139664,504199.1100000078,13.853163904425422,14.09834493750546,9.430342812403861,0.30835668148645284,8768.409286041395,1.7698558594381049
8,73230,1005634.0267098414,993270.6900000292,13.73254167294608,13.56371282261408,9.512464973371745,0.2733699303564006,-12363.336709812284,-1.2294071582145771
9,1753,72392.13999999997,66063.29000000004,41.296143753565296,37.685847119224206,30.883976041072447,0.43450085567598384,-6328.849999999933,-8.742454636649692
