maersk_shipping_zone,shipment_count,current_total,maersk_total,current_avg,maersk_avg,maersk_base_avg,maersk_pickup_avg,diff,diff_pct
1,4321,37592.75965080345,36739.86000000008,8.700013804860784,8.502629021059958,4.830247627863924,0.24123119648229552,-852.899650803367,-2.268787018367082
2,20994,179888.1886668739,170593.35000000102,8.568552380054964,8.125814518433888,4.837120605887444,0.22581880537296545,-9294.838666872878,-5.167008871319247
3,57898,526053.6336213031,509780.71999999427,9.085868831761083,8.804807074510247,5.349578914643018,0.23725862724100968,-16272.913621308864,-3.0933943957933865
4,194013,1844291.4578556148,1863879.8000001428,9.50601999791568,9.606984068078647,5.9035819249227215,0.24741723492751747,19588.34214452794,1.0621066459475768
5,132018,1370500.215575623,1429017.070000075,10.381161777754723,10.82441083791661,6.835903513157797,0.2661209835022215,58516.85442445194,4.269744269968926
6,38034,435879.8087693798,468693.89000000193,11.460267359977383,12.323023873376503,7.9640871325656395,0.28889414734185265,32814.081230622134,7.5282407146286925
7,35760,459175.21404321777,503861.1700000077,12.84047019136515,14.090077460850328,9.42368148769573,0.3082304250559288,44685.955956789956,9.731787472436196
8,73222,944712.4246428573,992849.1300000292,12.902029781252319,13.559437464150518,9.509525142716846,0.27328780967467725,48136.705357171944,5.095381843355106
9,1753,35800.07000000001,66063.29000000004,20.422173416999435,37.685847119224206,30.883976041072447,0.43450085567598384,30263.22000000003,84.53396878832925
