maersk_shipping_zone,shipment_count,current_total,maersk_total,current_avg,maersk_avg,maersk_base_avg,maersk_pickup_avg,diff,diff_pct
1,4324,42558.874146875,38656.050000000054,10.584151740083312,8.939882053654037,5.188142923219243,0.31186864014801047,-3902.8241468749475,-9.170412105841674
2,21008,186808.2748656262,179913.82000000178,9.607996444253779,8.564062261995515,5.198909939070911,0.29879664889566354,-6894.45486562443,-3.690658173779351
3,57922,548041.255456247,539400.2699999858,10.21207571751662,9.312528400262178,5.7824569248300275,0.30756534650046496,-8640.985456261202,-1.5767034635134427
4,194107,1959578.680131202,1996997.6500001547,10.896112588445424,10.28812793974537,6.511605712313045,0.3168015579035884,37418.96986895264,1.9095415891362568
5,132065,1450311.3470406868,1530890.619999984,11.868341628810857,11.591948055881453,7.532876538068742,0.3344510657630451,80579.27295929729,5.555998242978426
6,38038,462464.57370937534,495049.6400000112,12.978183019289872,13.014607497765686,8.589853304590207,0.3551395972448585,32585.06629063585,7.04595944058477
7,35763,501138.4271343714,532652.440000011,14.997857997676764,14.89395296815175,10.16784162402492,0.37323267063724863,31514.012865639583,6.288484610099488
8,73230,1000147.1848156163,1060097.5400000138,14.682352718266802,14.476273931449049,10.363617369930143,0.3398858391369635,59950.35518439743,5.994153270095907
9,1753,67556.28999999998,70866.50999999995,39.41440490081679,40.42584711922416,33.56918996006848,0.4892869366799768,3310.219999999972,4.899943439759603
