maersk_shipping_zone,shipment_count,current_total,maersk_total,current_avg,maersk_avg,maersk_base_avg,maersk_pickup_avg,diff,diff_pct
1,4324,41454.07109754195,38656.050000000054,9.586972964278896,8.939882053654037,5.188142923219243,0.31186864014801047,-2798.021097541896,-6.749689532200871
2,21008,196198.27486562607,179913.82000000178,9.339217196573975,8.564062261995515,5.198909939070911,0.29879664889566354,-16284.454865624284,-8.29999900701335
3,57922,572594.6465247256,539400.2699999858,9.885615940829489,9.312528400262178,5.7824569248300275,0.30756534650046496,-33194.37652473978,-5.797185971997451
4,194107,2026099.4082309469,1996997.6500001547,10.438054311441354,10.28812793974537,6.511605712313045,0.3168015579035884,-29101.758230792126,-1.4363440467218642
5,132065,1506148.7529056862,1530890.619999984,11.4046019225812,11.591948055881453,7.532876538068742,0.3344510657630451,24741.867094297893,1.6427240036261683
6,38038,476888.5737093753,495049.6400000112,12.53716214599546,13.014607497765686,8.589853304590207,0.3551395972448585,18161.066290635907,3.8082410214557996
7,35763,495053.09468484245,532652.440000011,13.842605337495245,14.89395296815175,10.16784162402492,0.37323267063724863,37599.34531516855,7.595012680226716
8,73230,1007368.6097215093,1060097.5400000138,13.756228454479166,14.476273931449049,10.363617369930143,0.3398858391369635,52728.9302785045,5.23432334198716
9,1753,67790.28999999998,70866.50999999995,38.6710154021677,40.42584711922416,33.56918996006848,0.4892869366799768,3076.219999999972,4.537847529491279
