maersk_shipping_zone,shipment_count,current_total,maersk_total,current_avg,maersk_avg,maersk_base_avg,maersk_pickup_avg,diff,diff_pct
1,4324,41454.071097541964,38656.05000000004,9.5869729642789,8.939882053654033,5.188142923219245,0.31186864014801047,-2798.021097541925,-6.749689532200939
2,21008,196198.27486562612,179913.82000000178,9.339217196573978,8.564062261995515,5.198909939070909,0.29879664889566343,-16284.454865624342,-8.299999007013376
3,57922,572594.6465247251,539272.7899999861,9.88561594082948,9.310327509408966,5.779827871965833,0.30761368737267236,-33321.856524739065,-5.819449540260449
4,194107,2026099.4082309385,1995365.8100001574,10.438054311441311,10.279721030154283,6.501410098553624,0.3170035083742056,-30733.598230781034,-1.5168850109687195
5,132065,1506148.7529056878,1529772.3399999866,11.404601922581213,11.583480407375054,7.522155453754216,0.33470548593493066,23623.587094298797,1.568476357247169
6,38038,476888.5737093755,494827.3400000112,12.537162145995465,13.008763341921531,8.582053209948013,0.3553604290446379,17938.766290635685,3.761626358774511
7,35763,495053.0946848426,532051.620000011,13.84260533749525,14.877152923412774,10.143413583871686,0.37409389592595493,36998.52531516843,7.473647920274527
8,73230,1007368.6097215104,1059513.420000013,13.756228454479182,14.468297419090714,10.349883654239857,0.34053584596476616,52144.810278502526,5.176338608855213
9,1753,67790.28999999998,70866.50999999997,38.6710154021677,40.425847119224166,33.569189960068485,0.4892869366799768,3076.2199999999866,4.5378475294913
