s14_selected_carrier,shipment_count,total_cost,avg_cost,avg_weight,forced_count
FEDEX,337754,3721036.7330053365,11.017002709088084,4.150526449933725,187272
P2P_US,136958,642440.9699999893,4.690788197841596,2.876386012446281,0
P2P_US2,83301,495438.44000001164,5.947568936747598,1.562547302339129,0
