assigned_carrier,shipment_count,total_cost,avg_cost,avg_weight
FEDEX,255971,3745233.849980548,14.63147719851291,5.033550619937665
P2P_US,216075,978249.4599999654,4.527360684947196,2.2228532344358136
P2P_US2,67871,375615.4900000027,5.534256015087485,0.7458428573709329
FEDEX_SP,103533,1048042.2058831529,10.122784096695284,2.2050263738707585
FEDEX_HD,152438,2697191.644097308,17.693696086916045,6.9546306706341126
