provider,shipment_count,share_pct,total_cost,avg_cost
FXEHD,165565,29.65998459361172,2485410.929999964,15.011692869869622
ONTRAC,137961,24.714892244854088,1741243.0020692968,12.621269794139625
FXESPPS,107197,19.203704698948425,1118797.5399999798,10.436836292060223
USPS,106151,19.01632002293044,833188.2099999783,7.849084888507676
DHL ECOMMERCE AMERICA,40157,7.1938876050232,240942.0,6.0
FXEGRD,850,0.15227244227082998,9750.849999999995,11.471588235294112
FXE2D,326,0.058400960212106556,5616.809999999998,17.229478527607355
FXEINTPRIO,2,0.00035828809946077643,41.120000000000005,20.560000000000002
FXEINTECON,1,0.00017914404973038821,24.35,24.35
