weight_bracket,shipment_count,share_pct,total_cost,avg_cost
0-1 lbs,102705,19.02236825289813,725787.758247721,7.0667227325614235
1-5 lbs,285327,52.84645602935266,2894128.2312024636,10.143197913981023
5-10 lbs,84938,15.7316772763221,1545959.4255318893,18.201033995760312
10-20 lbs,22438,4.155823950718352,543026.4326278006,24.201195856484564
20-30 lbs,3009,0.557307882507867,78632.50360647649,26.1324372238207
30+ lbs,1343,0.2487419362605734,43585.37620988177,32.45374252411152
