weight_bracket,shipment_count,share_pct,total_cost,avg_cost
0-1 lbs,106094,19.006108812095807,791392.2680915431,7.459349898123769
1-5 lbs,294429,52.74520341806846,3067110.8880924517,10.41714942513289
5-10 lbs,87915,15.749449132047081,1594156.6654279323,18.13293141588958
10-20 lbs,24028,4.304473226921768,580802.6310938048,24.17190906832882
20-30 lbs,3677,0.6587126708586374,97306.59552655091,26.463583227237127
30+ lbs,1910,0.3421651349850415,63303.76383700001,33.14333185183247
