weight_bracket,shipment_count,share_pct,total_cost,avg_cost
0-1 lbs,106094,20.47937180172685,762155.9278718701,7.1837797412848055
1-5 lbs,294429,56.83376025232939,3048428.3764593136,10.353696057315393
5-10 lbs,87915,16.970271381499575,1641696.8600343738,18.673683217134435
10-20 lbs,24028,4.638135480346605,600625.7340999984,24.996909193440917
20-30 lbs,3677,0.7097729382900977,100510.38113437514,27.334887444757992
30+ lbs,1910,0.3686881458074753,65187.627700000005,34.12964801047121
