provider,shipment_count,share_pct,total_cost,avg_cost
FXEHD,165565,29.670455706229067,2473253.259999962,14.93826146830527
ONTRAC,137764,24.688313713121378,1736637.922825857,12.605890674093791
FXESPPS,107197,19.21048434355472,1138252.4999999648,10.618324206833819
USPS,106151,19.023033513556136,833188.2099999501,7.84908488850741
DHL ECOMMERCE AMERICA,40157,7.19642732337777,240942.0,6.0
FXEGRD,850,0.1523262002856564,9902.730000000018,11.650270588235315
FXE2D,326,0.05842157799191059,5512.070000000003,16.90819018404909
FXEINTPRIO,2,0.0003584145889074269,39.92,19.96
FXEINTECON,1,0.00017920729445371344,23.5,23.5
