production_site,shipment_count,share_pct,total_cost,avg_cost
Phoenix,269095,51.943527013645316,3457382.7517187586,12.848186520443555
Miami,129396,24.97736718057805,1509974.4669468387,11.66940606314599
Columbus,119561,23.078912775333798,1251238.6586343697,10.465274283707645
Szczecin,1,0.0001930304428311389,9.030000000000001,9.030000000000001
