production_site,shipment_count,share_pct,total_cost,avg_cost
Phoenix,257311,47.65751032103083,3201279.7414488443,12.44128599806788
Miami,127607,23.634558645125082,1489536.500173011,11.67284318393984
Columbus,114842,21.270306361903774,1140303.485804449,9.929324513718406
