production_site,shipment_count,share_pct,total_cost,avg_cost
Phoenix,269095,48.20676806219881,3406964.063545344,12.660822622290803
Miami,129396,23.180523458913314,1509974.4669468387,11.66940606314599
Columbus,119561,21.418641729814944,1231706.1612480392,10.301905815843288
Szczecin,1,0.00017914404973038821,9.030000000000001,9.030000000000001
