production_site,shipment_count,share_pct,total_cost,avg_cost
Phoenix,269059,48.217335438421685,3425823.1274055988,12.73260930652979
Miami,129396,23.188707073132704,1569076.43721203,12.12615874688576
Columbus,119400,21.397350957773384,1201901.2982079277,10.066175026867066
Szczecin,1,0.00017920729445371344,9.25,9.25
