weight_bracket,shipment_count,share_pct,total_cost,avg_cost
0-1 lbs,106089,19.011922661300005,744299.2296572074,7.015800221108761
1-5 lbs,294376,52.75432651210635,2915031.484180978,9.902408770351448
5-10 lbs,87810,15.736192525980577,1324074.0783923012,15.078852959711892
10-20 lbs,24007,4.302229517950298,461491.6814004322,19.223213287809063
20-30 lbs,3671,0.6578699779395821,87815.76521755081,23.921483306333645
30+ lbs,1903,0.34103148134541666,60239.533977125,31.655036246518655
