provider,shipment_count,share_pct,total_cost,avg_cost
FXEHD,165565,29.65998459361172,2485410.9299999564,15.011692869869576
ONTRAC,137961,24.714892244854088,1890986.4772999815,13.706674185458075
FXESPPS,107197,19.203704698948425,1029712.9800000272,9.605800348890615
USPS,106151,19.01632002293044,795963.0400000036,7.4984035948790275
DHL ECOMMERCE AMERICA,40157,7.1938876050232,0.0,0.0
FXEGRD,850,0.15227244227082998,10849.199999999997,12.76376470588235
FXE2D,326,0.058400960212106556,5616.81,17.229478527607363
FXEINTPRIO,2,0.00035828809946077643,41.120000000000005,20.560000000000002
FXEINTECON,1,0.00017914404973038821,24.35,24.35
