carrier,shipment_count,share_pct,total_cost,avg_cost
FedEx,273941,49.07490012719228,3619641.600000171,13.213215984464432
OnTrac,137961,24.714892244854088,1741243.0020692968,12.621269794139625
USPS,106151,19.01632002293044,833188.2099999783,7.849084888507676
DHL (unmapped),40157,7.1938876050232,240942.0,6.0
