provider,shipment_count,share_pct,total_cost,avg_cost
FXEHD,165565,29.670455706229067,1995041.049999931,12.049896113308554
ONTRAC,137764,24.688313713121378,1736637.9228256717,12.605890674092446
FXESPPS,107197,19.21048434355472,1014190.7400000428,9.460999281696715
USPS,106151,19.023033513556136,833188.2099999783,7.849084888507676
DHL ECOMMERCE AMERICA,40157,7.19642732337777,240942.0,6.0
FXEGRD,850,0.1523262002856564,8873.390000000001,10.439282352941177
FXE2D,326,0.05842157799191059,4973.01,15.254631901840492
FXEINTPRIO,2,0.0003584145889074269,24.72,12.36
FXEINTECON,1,0.00017920729445371344,22.73,22.73
