carrier,shipment_count,share_pct,total_cost,avg_cost
FedEx,267614,49.565766590049954,3406253.9908346147,12.728235409338131
OnTrac,128982,23.889227418288367,1618560.5065920614,12.548731657068904
USPS,103164,19.107381319721366,806305.22999998,7.815761602884533
DHL (unmapped),40157,7.437624671940317,240942.0,6.0
