carrier,shipment_count,share_pct,total_cost,avg_cost
FedEx,273941,49.07490012719228,3531655.3899996323,12.892029269074845
OnTrac,137961,24.714892244854088,1821035.2917402345,13.199638243708254
USPS,106151,19.01632002293044,795963.0400000024,7.498403594879015
DHL (unmapped),40157,7.1938876050232,240942.0,6.0
