weight_bracket,shipment_count,share_pct,total_cost,avg_cost
0-1 lbs,106089,19.011922661300005,762678.6818517979,7.1890458186220805
1-5 lbs,294376,52.75432651210635,2984690.3923431346,10.139041200176422
5-10 lbs,87810,15.736192525980577,1358007.186522017,15.465290815647615
10-20 lbs,24007,4.302229517950298,473764.5941896221,19.73443554753289
20-30 lbs,3671,0.6578699779395821,90183.18041755083,24.566379846785843
30+ lbs,1903,0.34103148134541666,61482.08406361148,32.30797901398396
