weight_bracket,shipment_count,share_pct,total_cost,avg_cost
0-1 lbs,106089,19.011922661300005,799186.759657179,7.5331727102449735
1-5 lbs,294376,52.75432651210635,3094062.8541809605,10.510581209680682
5-10 lbs,87810,15.736192525980577,1576333.6883923197,17.95164204979296
10-20 lbs,24007,4.302229517950298,570352.4414004309,23.757755712935012
20-30 lbs,3671,0.6578699779395821,95401.19521755083,25.98779493804163
30+ lbs,1903,0.34103148134541666,61473.17397712501,32.30329688761167
