weight_bracket,shipment_count,share_pct,total_cost,avg_cost
0-1 lbs,106094,19.006108812095807,753284.2661206174,7.100158973369063
1-5 lbs,294429,52.74520341806846,3007944.6340159117,10.21619688962674
5-10 lbs,87915,15.749449132047081,1626825.1784557274,18.504523442594863
10-20 lbs,24028,4.304473226921768,595388.331566732,24.778938387162146
20-30 lbs,3677,0.6587126708586374,100023.68388119934,27.202524852107516
30+ lbs,1910,0.3421651349850415,65187.627700000005,34.12964801047121
