production_site,shipment_count,share_pct,total_cost,avg_cost
Phoenix,269095,48.20676806219881,3421867.020689014,12.716204391345116
Miami,129396,23.180523458913314,1563517.7572121206,12.083200077375812
Columbus,119561,21.418641729814944,1208679.0041681796,10.109308254097737
Szczecin,1,0.00017914404973038821,9.030000000000001,9.030000000000001
