production_site,shipment_count,share_pct,total_cost,avg_cost
Phoenix,269059,48.217335438421685,3128352.9074055795,11.627014548502668
Miami,129396,23.188707073132704,1321119.4472120637,10.20989402463804
Columbus,119400,21.397350957773384,1143471.588207923,9.576813971590646
Szczecin,1,0.00017920729445371344,7.83,7.83
