production_site,shipment_count,share_pct,total_cost,avg_cost
Phoenix,269059,48.217335438421685,3197642.2060001707,11.884539101089986
Miami,129396,23.188707073132704,1381793.8083256208,10.67879848160392
Columbus,119400,21.397350957773384,1151361.8517214395,9.64289658058157
Szczecin,1,0.00017920729445371344,8.25334054054054,8.25334054054054
