provider,shipment_count,share_pct,total_cost,avg_cost
FXEHD,161635,29.937008836543395,2389664.998329818,14.78432887883081
ONTRAC,128982,23.889227418288367,1618560.5065920614,12.548731657068904
FXESPPS,104847,19.41909589807322,1002489.4209649542,9.561450694487721
USPS,103164,19.107381319721366,806305.22999998,7.815761602884533
DHL ECOMMERCE AMERICA,40157,7.437624671940317,240942.0,6.0
FXEGRD,816,0.15113434101908255,8910.220008830614,10.919387265723792
FXE2D,315,0.0583423007610429,5165.145346909284,16.39728681558503
FXEINTECON,1,0.00018521365320966002,24.206183783783782,24.206183783783782
