provider,shipment_count,share_pct,total_cost,avg_cost
FXEHD,165565,29.670455706229067,2085804.312918893,12.598099313978757
ONTRAC,137764,24.688313713121378,1736637.9228256717,12.605890674092446
FXESPPS,107197,19.21048434355472,1060686.8983135212,9.894744240170166
USPS,106151,19.023033513556136,833188.2099999783,7.849084888507676
DHL ECOMMERCE AMERICA,40157,7.19642732337777,240942.0,6.0
FXEGRD,850,0.1523262002856564,9280.103794594601,10.917769170111296
FXE2D,326,0.05842157799191059,5158.778854054057,15.824475012435757
FXEINTPRIO,2,0.0003584145889074269,25.933945945945943,12.966972972972972
FXEINTECON,1,0.00017920729445371344,23.958735135135132,23.958735135135132
