carrier,shipment_count,share_pct,total_cost,avg_cost
FedEx,273941,49.07490012719228,3531655.3899996434,12.892029269074886
OnTrac,137961,24.714892244854088,1821035.291740234,13.19963824370825
USPS,106151,19.01632002293044,795963.0400000036,7.4984035948790275
DHL (unmapped),40157,7.1938876050232,240942.0,6.0
