scenario,total_cost,diff_vs_current,diff_pct
100% OnTrac,102989854.37134062,96771249.46404062,1556.156901854967
100% USPS,8195287.24,1976682.3327000001,31.78658818442669
100% FedEx,6920940.31,702335.4026999995,11.29409912946118
