carrier,matched_count,actual_total,calculated_total,diff_pct
OnTrac,128982,1447346.4,1618560.506591973,11.829518254370413
USPS,103164,812301.21,806305.23,-0.7381473677726003
FedEx,267614,4040460.17,3406253.9908342524,-15.696384878996284
DHL (unmapped),40157,240942.0,240942.0,0.0
