carrier,serviceable_count,total_cost,avg_cost,coverage_pct
OnTrac,360151,3998470.554897749,11.102205893910467,64.54168630479936
USPS,558013,14835549.159999998,26.586386266986608,100.0
FedEx,558013,5889065.680000001,10.553635273730183,100.0
P2P,289272,3098915.0300000003,10.712806735529192,51.83965248121459
Maersk,558013,6041478.279999998,10.826769770596739,100.0
