carrier,matched_count,actual_total,calculated_total,diff_pct
OnTrac,129158,1667784.95,1622674.5002765981,-2.704812135605481
USPS,103164,812301.21,806305.2300000001,-0.7381473677725859
FedEx,97601,1885113.34,1519197.1699999997,-19.410831287205276
DHL (unmapped),40157,240942.0,240942.0,0.0
