carrier,serviceable_count,total_cost,avg_cost,coverage_pct
OnTrac,360348,4058854.371340625,11.263707225628073,64.55420003224593
USPS,558210,8195287.239999999,14.681369448773758,100.0
FedEx,558210,6920940.310000001,12.398452750756887,100.0
P2P,289429,3103799.1999999997,10.723870793873454,51.84948316941653
Maersk,558210,6444524.540000001,11.544982246824674,100.0
