carrier,serviceable_count,total_cost,avg_cost,coverage_pct
OnTrac,346822,3817595.3158817505,11.007362035516058,64.2361696334807
USPS,539917,14016877.510000002,25.96117090219423,100.0
FedEx,539917,6417722.164801123,11.886497674274237,100.0
P2P,279534,2972918.4,10.635265835283006,51.773513336309094
Maersk,539917,5686413.05,10.53201334649585,100.0
