carrier,serviceable_count,total_cost,avg_cost,coverage_pct
OnTrac,360348,4058854.371340626,11.263707225628076,64.55420003224593
USPS,558210,8195287.239999999,14.681369448773758,100.0
FedEx,558210,6920940.3100000005,12.398452750756885,100.0
P2P,289429,3103799.1999999993,10.723870793873452,51.84948316941653
Maersk,558210,6440239.700000001,11.537306210924205,100.0
