p2p_combined_source,shipment_count,total_cost,avg_cost,avg_weight
,40,0.0,,47.195568968781
P2P_US,258796,2158573.369999968,8.340829726889009,3.304423458116748
P2P_US2,281081,4361278.049999911,15.51608984598714,3.423595699865374
