s13_selected_carrier,shipment_count,total_cost,avg_cost,avg_weight
P2P_US,236225,1270346.1699999731,5.377695713832038,2.627103171767579
P2P_US2,188937,1422041.8099999875,7.526539587269764,1.9625983886864722
FEDEX,114755,2486537.666586633,21.66822941559525,7.215129627688362
